Height,FingerLength
56,3.875
57,4.0
58,3.875
58,4.0
58,4.0
58,4.0
58,4.125
58,4.25
59,3.875
59,4.0
59,4.0
59,4.0
59,4.0
59,4.0
59,4.0
59,4.125
59,4.125
59,4.125
59,4.25
59,4.25
59,4.25
59,4.25
59,4.375
59,4.375
59,4.375
59,4.375
59,4.375
59,4.375
59,4.375
59,4.375
59,4.5
60,3.875
60,3.875
60,3.875
60,4.0
60,4.0
60,4.0
60,4.0
60,4.0
60,4.0
60,4.0
60,4.125
60,4.125
60,4.125
60,4.125
60,4.125
60,4.125
60,4.125
60,4.125
60,4.125
60,4.25
60,4.25
60,4.25
60,4.25
60,4.25
60,4.25
60,4.25
60,4.25
60,4.25
60,4.25
60,4.25
60,4.375
60,4.375
60,4.375
60,4.375
60,4.375
60,4.375
60,4.375
60,4.375
60,4.375
60,4.375
60,4.375
60,4.5
60,4.5
60,4.5
60,4.625
60,4.625
60,4.625
60,4.625
61,3.75
61,4.0
61,4.0
61,4.0
61,4.0
61,4.125
61,4.125
61,4.125
61,4.125
61,4.125
61,4.125
61,4.125
61,4.125
61,4.125
61,4.125
61,4.125
61,4.125
61,4.125
61,4.125
61,4.125
61,4.25
61,4.25
61,4.25
61,4.25
61,4.25
61,4.25
61,4.25
61,4.25
61,4.25
61,4.25
61,4.25
61,4.25
61,4.25
61,4.25
61,4.25
61,4.25
61,4.25
61,4.25
61,4.25
61,4.25
61,4.25
61,4.375
61,4.375
61,4.375
61,4.375
61,4.375
61,4.375
61,4.375
61,4.375
61,4.375
61,4.375
61,4.375
61,4.375
61,4.375
61,4.375
61,4.375
61,4.375
61,4.375
61,4.375
61,4.375
61,4.375
61,4.375
61,4.375
61,4.375
61,4.375
61,4.375
61,4.375
61,4.375
61,4.375
61,4.375
61,4.375
61,4.375
61,4.5
61,4.5
61,4.5
61,4.5
61,4.5
61,4.5
61,4.5
61,4.5
61,4.5
61,4.5
61,4.5
61,4.5
61,4.5
61,4.5
61,4.625
61,4.625
61,4.625
61,4.625
62,3.875
62,3.875
62,3.875
62,3.875
62,4.0
62,4.0
62,4.0
62,4.125
62,4.125
62,4.125
62,4.125
62,4.125
62,4.125
62,4.125
62,4.125
62,4.125
62,4.125
62,4.125
62,4.125
62,4.125
62,4.125
62,4.125
62,4.125
62,4.125
62,4.125
62,4.25
62,4.25
62,4.25
62,4.25
62,4.25
62,4.25
62,4.25
62,4.25
62,4.25
62,4.25
62,4.25
62,4.25
62,4.25
62,4.25
62,4.25
62,4.25
62,4.25
62,4.25
62,4.25
62,4.25
62,4.25
62,4.25
62,4.25
62,4.25
62,4.25
62,4.25
62,4.25
62,4.25
62,4.25
62,4.25
62,4.25
62,4.25
62,4.25
62,4.25
62,4.25
62,4.25
62,4.25
62,4.25
62,4.25
62,4.25
62,4.25
62,4.25
62,4.375
62,4.375
62,4.375
62,4.375
62,4.375
62,4.375
62,4.375
62,4.375
62,4.375
62,4.375
62,4.375
62,4.375
62,4.375
62,4.375
62,4.375
62,4.375
62,4.375
62,4.375
62,4.375
62,4.375
62,4.375
62,4.375
62,4.375
62,4.375
62,4.375
62,4.375
62,4.375
62,4.375
62,4.375
62,4.375
62,4.375
62,4.375
62,4.375
62,4.375
62,4.375
62,4.375
62,4.375
62,4.375
62,4.375
62,4.375
62,4.375
62,4.375
62,4.375
62,4.375
62,4.375
62,4.375
62,4.375
62,4.375
62,4.375
62,4.375
62,4.375
62,4.375
62,4.375
62,4.375
62,4.375
62,4.375
62,4.375
62,4.375
62,4.5
62,4.5
62,4.5
62,4.5
62,4.5
62,4.5
62,4.5
62,4.5
62,4.5
62,4.5
62,4.5
62,4.5
62,4.5
62,4.5
62,4.5
62,4.5
62,4.5
62,4.5
62,4.5
62,4.5
62,4.5
62,4.5
62,4.5
62,4.5
62,4.5
62,4.5
62,4.5
62,4.5
62,4.5
62,4.5
62,4.625
62,4.625
62,4.625
62,4.625
62,4.625
62,4.625
62,4.625
62,4.625
62,4.625
62,4.625
62,4.625
62,4.625
62,4.625
62,4.625
62,4.625
62,4.625
62,4.625
62,4.75
62,4.75
62,4.875
63,4.0
63,4.0
63,4.0
63,4.0
63,4.0
63,4.0
63,4.0
63,4.0
63,4.125
63,4.125
63,4.125
63,4.125
63,4.125
63,4.125
63,4.125
63,4.125
63,4.125
63,4.125
63,4.125
63,4.125
63,4.125
63,4.125
63,4.125
63,4.125
63,4.125
63,4.125
63,4.125
63,4.125
63,4.125
63,4.125
63,4.25
63,4.25
63,4.25
63,4.25
63,4.25
63,4.25
63,4.25
63,4.25
63,4.25
63,4.25
63,4.25
63,4.25
63,4.25
63,4.25
63,4.25
63,4.25
63,4.25
63,4.25
63,4.25
63,4.25
63,4.25
63,4.25
63,4.25
63,4.25
63,4.25
63,4.25
63,4.25
63,4.25
63,4.25
63,4.25
63,4.25
63,4.25
63,4.25
63,4.25
63,4.25
63,4.25
63,4.25
63,4.25
63,4.25
63,4.25
63,4.25
63,4.25
63,4.25
63,4.25
63,4.25
63,4.25
63,4.25
63,4.25
63,4.25
63,4.25
63,4.25
63,4.25
63,4.25
63,4.25
63,4.25
63,4.25
63,4.25
63,4.25
63,4.25
63,4.25
63,4.25
63,4.25
63,4.25
63,4.25
63,4.25
63,4.25
63,4.25
63,4.375
63,4.375
63,4.375
63,4.375
63,4.375
63,4.375
63,4.375
63,4.375
63,4.375
63,4.375
63,4.375
63,4.375
63,4.375
63,4.375
63,4.375
63,4.375
63,4.375
63,4.375
63,4.375
63,4.375
63,4.375
63,4.375
63,4.375
63,4.375
63,4.375
63,4.375
63,4.375
63,4.375
63,4.375
63,4.375
63,4.375
63,4.375
63,4.375
63,4.375
63,4.375
63,4.375
63,4.375
63,4.375
63,4.375
63,4.375
63,4.375
63,4.375
63,4.375
63,4.375
63,4.375
63,4.375
63,4.375
63,4.375
63,4.375
63,4.375
63,4.375
63,4.375
63,4.375
63,4.375
63,4.375
63,4.375
63,4.375
63,4.375
63,4.375
63,4.375
63,4.375
63,4.375
63,4.375
63,4.375
63,4.375
63,4.375
63,4.375
63,4.375
63,4.375
63,4.375
63,4.375
63,4.375
63,4.375
63,4.375
63,4.375
63,4.375
63,4.375
63,4.375
63,4.375
63,4.375
63,4.375
63,4.375
63,4.375
63,4.375
63,4.375
63,4.375
63,4.375
63,4.5
63,4.5
63,4.5
63,4.5
63,4.5
63,4.5
63,4.5
63,4.5
63,4.5
63,4.5
63,4.5
63,4.5
63,4.5
63,4.5
63,4.5
63,4.5
63,4.5
63,4.5
63,4.5
63,4.5
63,4.5
63,4.5
63,4.5
63,4.5
63,4.5
63,4.5
63,4.5
63,4.5
63,4.5
63,4.5
63,4.5
63,4.5
63,4.5
63,4.5
63,4.5
63,4.5
63,4.5
63,4.5
63,4.5
63,4.5
63,4.5
63,4.5
63,4.5
63,4.5
63,4.5
63,4.5
63,4.5
63,4.5
63,4.5
63,4.5
63,4.5
63,4.5
63,4.5
63,4.5
63,4.5
63,4.5
63,4.5
63,4.5
63,4.5
63,4.5
63,4.5
63,4.5
63,4.5
63,4.5
63,4.5
63,4.5
63,4.5
63,4.5
63,4.5
63,4.5
63,4.625
63,4.625
63,4.625
63,4.625
63,4.625
63,4.625
63,4.625
63,4.625
63,4.625
63,4.625
63,4.625
63,4.625
63,4.625
63,4.625
63,4.625
63,4.625
63,4.625
63,4.625
63,4.625
63,4.625
63,4.625
63,4.625
63,4.625
63,4.625
63,4.625
63,4.625
63,4.625
63,4.625
63,4.625
63,4.625
63,4.625
63,4.625
63,4.625
63,4.625
63,4.625
63,4.625
63,4.625
63,4.625
63,4.625
63,4.625
63,4.625
63,4.625
63,4.625
63,4.625
63,4.625
63,4.625
63,4.625
63,4.625
63,4.625
63,4.625
63,4.625
63,4.625
63,4.625
63,4.75
63,4.75
63,4.75
63,4.75
63,4.75
63,4.75
63,4.75
63,4.75
63,4.875
63,4.875
64,4.0
64,4.125
64,4.125
64,4.125
64,4.125
64,4.125
64,4.125
64,4.125
64,4.125
64,4.125
64,4.125
64,4.125
64,4.125
64,4.25
64,4.25
64,4.25
64,4.25
64,4.25
64,4.25
64,4.25
64,4.25
64,4.25
64,4.25
64,4.25
64,4.25
64,4.25
64,4.25
64,4.25
64,4.25
64,4.25
64,4.25
64,4.25
64,4.25
64,4.25
64,4.25
64,4.25
64,4.25
64,4.25
64,4.25
64,4.25
64,4.25
64,4.25
64,4.25
64,4.25
64,4.25
64,4.25
64,4.25
64,4.25
64,4.25
64,4.25
64,4.25
64,4.25
64,4.25
64,4.25
64,4.25
64,4.25
64,4.25
64,4.25
64,4.25
64,4.25
64,4.25
64,4.25
64,4.25
64,4.25
64,4.25
64,4.375
64,4.375
64,4.375
64,4.375
64,4.375
64,4.375
64,4.375
64,4.375
64,4.375
64,4.375
64,4.375
64,4.375
64,4.375
64,4.375
64,4.375
64,4.375
64,4.375
64,4.375
64,4.375
64,4.375
64,4.375
64,4.375
64,4.375
64,4.375
64,4.375
64,4.375
64,4.375
64,4.375
64,4.375
64,4.375
64,4.375
64,4.375
64,4.375
64,4.375
64,4.375
64,4.375
64,4.375
64,4.375
64,4.375
64,4.375
64,4.375
64,4.375
64,4.375
64,4.375
64,4.375
64,4.375
64,4.375
64,4.375
64,4.375
64,4.375
64,4.375
64,4.375
64,4.375
64,4.375
64,4.375
64,4.375
64,4.375
64,4.375
64,4.375
64,4.375
64,4.375
64,4.375
64,4.375
64,4.375
64,4.375
64,4.375
64,4.375
64,4.375
64,4.375
64,4.375
64,4.375
64,4.375
64,4.375
64,4.375
64,4.375
64,4.375
64,4.375
64,4.375
64,4.375
64,4.375
64,4.375
64,4.375
64,4.375
64,4.375
64,4.375
64,4.375
64,4.375
64,4.375
64,4.375
64,4.375
64,4.375
64,4.375
64,4.375
64,4.375
64,4.375
64,4.375
64,4.375
64,4.375
64,4.375
64,4.5
64,4.5
64,4.5
64,4.5
64,4.5
64,4.5
64,4.5
64,4.5
64,4.5
64,4.5
64,4.5
64,4.5
64,4.5
64,4.5
64,4.5
64,4.5
64,4.5
64,4.5
64,4.5
64,4.5
64,4.5
64,4.5
64,4.5
64,4.5
64,4.5
64,4.5
64,4.5
64,4.5
64,4.5
64,4.5
64,4.5
64,4.5
64,4.5
64,4.5
64,4.5
64,4.5
64,4.5
64,4.5
64,4.5
64,4.5
64,4.5
64,4.5
64,4.5
64,4.5
64,4.5
64,4.5
64,4.5
64,4.5
64,4.5
64,4.5
64,4.5
64,4.5
64,4.5
64,4.5
64,4.5
64,4.5
64,4.5
64,4.5
64,4.5
64,4.5
64,4.5
64,4.5
64,4.5
64,4.5
64,4.5
64,4.5
64,4.5
64,4.5
64,4.5
64,4.5
64,4.5
64,4.5
64,4.5
64,4.5
64,4.5
64,4.5
64,4.5
64,4.5
64,4.5
64,4.5
64,4.5
64,4.5
64,4.5
64,4.5
64,4.5
64,4.5
64,4.5
64,4.5
64,4.5
64,4.5
64,4.5
64,4.5
64,4.5
64,4.5
64,4.5
64,4.5
64,4.5
64,4.5
64,4.5
64,4.5
64,4.5
64,4.5
64,4.5
64,4.5
64,4.5
64,4.5
64,4.5
64,4.5
64,4.5
64,4.5
64,4.5
64,4.5
64,4.5
64,4.5
64,4.5
64,4.625
64,4.625
64,4.625
64,4.625
64,4.625
64,4.625
64,4.625
64,4.625
64,4.625
64,4.625
64,4.625
64,4.625
64,4.625
64,4.625
64,4.625
64,4.625
64,4.625
64,4.625
64,4.625
64,4.625
64,4.625
64,4.625
64,4.625
64,4.625
64,4.625
64,4.625
64,4.625
64,4.625
64,4.625
64,4.625
64,4.625
64,4.625
64,4.625
64,4.625
64,4.625
64,4.625
64,4.625
64,4.625
64,4.625
64,4.625
64,4.625
64,4.625
64,4.625
64,4.625
64,4.625
64,4.625
64,4.625
64,4.625
64,4.625
64,4.625
64,4.625
64,4.625
64,4.625
64,4.625
64,4.625
64,4.625
64,4.625
64,4.625
64,4.625
64,4.625
64,4.625
64,4.625
64,4.625
64,4.625
64,4.625
64,4.625
64,4.625
64,4.625
64,4.625
64,4.625
64,4.625
64,4.625
64,4.625
64,4.625
64,4.625
64,4.625
64,4.625
64,4.625
64,4.625
64,4.625
64,4.625
64,4.625
64,4.625
64,4.625
64,4.625
64,4.625
64,4.625
64,4.625
64,4.625
64,4.625
64,4.625
64,4.625
64,4.75
64,4.75
64,4.75
64,4.75
64,4.75
64,4.75
64,4.75
64,4.75
64,4.75
64,4.75
64,4.75
64,4.75
64,4.75
64,4.75
64,4.75
64,4.75
64,4.75
64,4.875
64,4.875
64,4.875
64,4.875
64,4.875
65,3.875
65,4.0
65,4.125
65,4.125
65,4.125
65,4.125
65,4.125
65,4.125
65,4.125
65,4.25
65,4.25
65,4.25
65,4.25
65,4.25
65,4.25
65,4.25
65,4.25
65,4.25
65,4.25
65,4.25
65,4.25
65,4.25
65,4.25
65,4.25
65,4.25
65,4.25
65,4.25
65,4.25
65,4.25
65,4.25
65,4.25
65,4.25
65,4.25
65,4.25
65,4.25
65,4.25
65,4.25
65,4.375
65,4.375
65,4.375
65,4.375
65,4.375
65,4.375
65,4.375
65,4.375
65,4.375
65,4.375
65,4.375
65,4.375
65,4.375
65,4.375
65,4.375
65,4.375
65,4.375
65,4.375
65,4.375
65,4.375
65,4.375
65,4.375
65,4.375
65,4.375
65,4.375
65,4.375
65,4.375
65,4.375
65,4.375
65,4.375
65,4.375
65,4.375
65,4.375
65,4.375
65,4.375
65,4.375
65,4.375
65,4.375
65,4.375
65,4.375
65,4.375
65,4.375
65,4.375
65,4.375
65,4.375
65,4.375
65,4.375
65,4.375
65,4.375
65,4.375
65,4.375
65,4.375
65,4.375
65,4.375
65,4.375
65,4.375
65,4.375
65,4.375
65,4.375
65,4.375
65,4.375
65,4.375
65,4.375
65,4.375
65,4.375
65,4.375
65,4.375
65,4.375
65,4.375
65,4.375
65,4.375
65,4.375
65,4.375
65,4.375
65,4.375
65,4.375
65,4.375
65,4.375
65,4.375
65,4.375
65,4.375
65,4.375
65,4.5
65,4.5
65,4.5
65,4.5
65,4.5
65,4.5
65,4.5
65,4.5
65,4.5
65,4.5
65,4.5
65,4.5
65,4.5
65,4.5
65,4.5
65,4.5
65,4.5
65,4.5
65,4.5
65,4.5
65,4.5
65,4.5
65,4.5
65,4.5
65,4.5
65,4.5
65,4.5
65,4.5
65,4.5
65,4.5
65,4.5
65,4.5
65,4.5
65,4.5
65,4.5
65,4.5
65,4.5
65,4.5
65,4.5
65,4.5
65,4.5
65,4.5
65,4.5
65,4.5
65,4.5
65,4.5
65,4.5
65,4.5
65,4.5
65,4.5
65,4.5
65,4.5
65,4.5
65,4.5
65,4.5
65,4.5
65,4.5
65,4.5
65,4.5
65,4.5
65,4.5
65,4.5
65,4.5
65,4.5
65,4.5
65,4.5
65,4.5
65,4.5
65,4.5
65,4.5
65,4.5
65,4.5
65,4.5
65,4.5
65,4.5
65,4.5
65,4.5
65,4.5
65,4.5
65,4.5
65,4.5
65,4.5
65,4.5
65,4.5
65,4.5
65,4.5
65,4.5
65,4.5
65,4.5
65,4.5
65,4.5
65,4.5
65,4.5
65,4.5
65,4.5
65,4.5
65,4.5
65,4.5
65,4.5
65,4.5
65,4.5
65,4.5
65,4.5
65,4.5
65,4.5
65,4.5
65,4.5
65,4.5
65,4.5
65,4.5
65,4.5
65,4.5
65,4.5
65,4.5
65,4.5
65,4.5
65,4.5
65,4.5
65,4.5
65,4.5
65,4.5
65,4.5
65,4.5
65,4.5
65,4.5
65,4.5
65,4.5
65,4.5
65,4.5
65,4.5
65,4.5
65,4.5
65,4.5
65,4.5
65,4.5
65,4.5
65,4.5
65,4.5
65,4.5
65,4.5
65,4.5
65,4.5
65,4.5
65,4.5
65,4.5
65,4.5
65,4.5
65,4.5
65,4.5
65,4.5
65,4.5
65,4.5
65,4.5
65,4.5
65,4.625
65,4.625
65,4.625
65,4.625
65,4.625
65,4.625
65,4.625
65,4.625
65,4.625
65,4.625
65,4.625
65,4.625
65,4.625
65,4.625
65,4.625
65,4.625
65,4.625
65,4.625
65,4.625
65,4.625
65,4.625
65,4.625
65,4.625
65,4.625
65,4.625
65,4.625
65,4.625
65,4.625
65,4.625
65,4.625
65,4.625
65,4.625
65,4.625
65,4.625
65,4.625
65,4.625
65,4.625
65,4.625
65,4.625
65,4.625
65,4.625
65,4.625
65,4.625
65,4.625
65,4.625
65,4.625
65,4.625
65,4.625
65,4.625
65,4.625
65,4.625
65,4.625
65,4.625
65,4.625
65,4.625
65,4.625
65,4.625
65,4.625
65,4.625
65,4.625
65,4.625
65,4.625
65,4.625
65,4.625
65,4.625
65,4.625
65,4.625
65,4.625
65,4.625
65,4.625
65,4.625
65,4.625
65,4.625
65,4.625
65,4.625
65,4.625
65,4.625
65,4.625
65,4.625
65,4.625
65,4.625
65,4.625
65,4.625
65,4.625
65,4.625
65,4.625
65,4.625
65,4.625
65,4.625
65,4.625
65,4.625
65,4.625
65,4.625
65,4.625
65,4.625
65,4.625
65,4.625
65,4.625
65,4.625
65,4.625
65,4.625
65,4.625
65,4.625
65,4.625
65,4.625
65,4.625
65,4.625
65,4.625
65,4.625
65,4.625
65,4.625
65,4.625
65,4.625
65,4.625
65,4.625
65,4.625
65,4.625
65,4.625
65,4.625
65,4.625
65,4.625
65,4.625
65,4.625
65,4.625
65,4.625
65,4.625
65,4.625
65,4.625
65,4.625
65,4.625
65,4.625
65,4.625
65,4.625
65,4.625
65,4.625
65,4.625
65,4.625
65,4.625
65,4.75
65,4.75
65,4.75
65,4.75
65,4.75
65,4.75
65,4.75
65,4.75
65,4.75
65,4.75
65,4.75
65,4.75
65,4.75
65,4.75
65,4.75
65,4.75
65,4.75
65,4.75
65,4.75
65,4.75
65,4.75
65,4.75
65,4.75
65,4.75
65,4.75
65,4.75
65,4.75
65,4.75
65,4.75
65,4.75
65,4.75
65,4.75
65,4.75
65,4.75
65,4.75
65,4.75
65,4.75
65,4.75
65,4.875
65,4.875
65,4.875
65,4.875
65,4.875
65,4.875
65,4.875
65,4.875
65,4.875
65,4.875
65,4.875
65,5.0
65,5.0
66,4.125
66,4.125
66,4.125
66,4.125
66,4.25
66,4.25
66,4.25
66,4.25
66,4.25
66,4.25
66,4.25
66,4.25
66,4.25
66,4.25
66,4.25
66,4.25
66,4.25
66,4.25
66,4.375
66,4.375
66,4.375
66,4.375
66,4.375
66,4.375
66,4.375
66,4.375
66,4.375
66,4.375
66,4.375
66,4.375
66,4.375
66,4.375
66,4.375
66,4.375
66,4.375
66,4.375
66,4.375
66,4.375
66,4.375
66,4.375
66,4.375
66,4.375
66,4.375
66,4.375
66,4.375
66,4.375
66,4.375
66,4.375
66,4.375
66,4.375
66,4.375
66,4.375
66,4.375
66,4.375
66,4.375
66,4.375
66,4.375
66,4.375
66,4.375
66,4.375
66,4.375
66,4.375
66,4.375
66,4.375
66,4.375
66,4.375
66,4.375
66,4.375
66,4.375
66,4.375
66,4.375
66,4.375
66,4.375
66,4.375
66,4.375
66,4.375
66,4.375
66,4.375
66,4.375
66,4.375
66,4.375
66,4.375
66,4.375
66,4.375
66,4.375
66,4.375
66,4.5
66,4.5
66,4.5
66,4.5
66,4.5
66,4.5
66,4.5
66,4.5
66,4.5
66,4.5
66,4.5
66,4.5
66,4.5
66,4.5
66,4.5
66,4.5
66,4.5
66,4.5
66,4.5
66,4.5
66,4.5
66,4.5
66,4.5
66,4.5
66,4.5
66,4.5
66,4.5
66,4.5
66,4.5
66,4.5
66,4.5
66,4.5
66,4.5
66,4.5
66,4.5
66,4.5
66,4.5
66,4.5
66,4.5
66,4.5
66,4.5
66,4.5
66,4.5
66,4.5
66,4.5
66,4.5
66,4.5
66,4.5
66,4.5
66,4.5
66,4.5
66,4.5
66,4.5
66,4.5
66,4.5
66,4.5
66,4.5
66,4.5
66,4.5
66,4.5
66,4.5
66,4.5
66,4.5
66,4.5
66,4.5
66,4.5
66,4.5
66,4.5
66,4.5
66,4.5
66,4.5
66,4.5
66,4.5
66,4.5
66,4.5
66,4.5
66,4.5
66,4.5
66,4.5
66,4.5
66,4.5
66,4.5
66,4.5
66,4.5
66,4.5
66,4.5
66,4.5
66,4.5
66,4.5
66,4.5
66,4.625
66,4.625
66,4.625
66,4.625
66,4.625
66,4.625
66,4.625
66,4.625
66,4.625
66,4.625
66,4.625
66,4.625
66,4.625
66,4.625
66,4.625
66,4.625
66,4.625
66,4.625
66,4.625
66,4.625
66,4.625
66,4.625
66,4.625
66,4.625
66,4.625
66,4.625
66,4.625
66,4.625
66,4.625
66,4.625
66,4.625
66,4.625
66,4.625
66,4.625
66,4.625
66,4.625
66,4.625
66,4.625
66,4.625
66,4.625
66,4.625
66,4.625
66,4.625
66,4.625
66,4.625
66,4.625
66,4.625
66,4.625
66,4.625
66,4.625
66,4.625
66,4.625
66,4.625
66,4.625
66,4.625
66,4.625
66,4.625
66,4.625
66,4.625
66,4.625
66,4.625
66,4.625
66,4.625
66,4.625
66,4.625
66,4.625
66,4.625
66,4.625
66,4.625
66,4.625
66,4.625
66,4.625
66,4.625
66,4.625
66,4.625
66,4.625
66,4.625
66,4.625
66,4.625
66,4.625
66,4.625
66,4.625
66,4.625
66,4.625
66,4.625
66,4.625
66,4.625
66,4.625
66,4.625
66,4.625
66,4.625
66,4.625
66,4.625
66,4.625
66,4.625
66,4.625
66,4.625
66,4.625
66,4.625
66,4.625
66,4.625
66,4.625
66,4.625
66,4.625
66,4.625
66,4.625
66,4.625
66,4.625
66,4.625
66,4.625
66,4.625
66,4.625
66,4.625
66,4.625
66,4.625
66,4.625
66,4.625
66,4.625
66,4.625
66,4.625
66,4.625
66,4.625
66,4.625
66,4.625
66,4.625
66,4.625
66,4.625
66,4.625
66,4.625
66,4.625
66,4.625
66,4.625
66,4.625
66,4.625
66,4.625
66,4.625
66,4.625
66,4.625
66,4.625
66,4.625
66,4.625
66,4.625
66,4.625
66,4.625
66,4.625
66,4.625
66,4.625
66,4.625
66,4.625
66,4.625
66,4.625
66,4.625
66,4.625
66,4.625
66,4.625
66,4.625
66,4.625
66,4.625
66,4.625
66,4.625
66,4.625
66,4.625
66,4.625
66,4.625
66,4.625
66,4.625
66,4.625
66,4.625
66,4.625
66,4.75
66,4.75
66,4.75
66,4.75
66,4.75
66,4.75
66,4.75
66,4.75
66,4.75
66,4.75
66,4.75
66,4.75
66,4.75
66,4.75
66,4.75
66,4.75
66,4.75
66,4.75
66,4.75
66,4.75
66,4.75
66,4.75
66,4.75
66,4.75
66,4.75
66,4.75
66,4.75
66,4.75
66,4.75
66,4.75
66,4.75
66,4.75
66,4.75
66,4.75
66,4.75
66,4.75
66,4.75
66,4.75
66,4.75
66,4.75
66,4.75
66,4.75
66,4.75
66,4.75
66,4.75
66,4.75
66,4.75
66,4.75
66,4.75
66,4.75
66,4.75
66,4.75
66,4.75
66,4.75
66,4.75
66,4.75
66,4.75
66,4.75
66,4.75
66,4.75
66,4.75
66,4.75
66,4.75
66,4.75
66,4.75
66,4.75
66,4.75
66,4.75
66,4.75
66,4.75
66,4.75
66,4.75
66,4.75
66,4.75
66,4.75
66,4.75
66,4.75
66,4.75
66,4.75
66,4.75
66,4.75
66,4.75
66,4.75
66,4.75
66,4.75
66,4.75
66,4.75
66,4.875
66,4.875
66,4.875
66,4.875
66,4.875
66,4.875
66,4.875
66,4.875
66,4.875
66,4.875
66,4.875
66,4.875
66,4.875
66,4.875
66,4.875
66,4.875
66,4.875
66,4.875
66,4.875
66,4.875
66,5.0
66,5.0
66,5.125
66,5.125
66,5.125
66,5.25
67,4.125
67,4.25
67,4.25
67,4.25
67,4.25
67,4.25
67,4.25
67,4.25
67,4.375
67,4.375
67,4.375
67,4.375
67,4.375
67,4.375
67,4.375
67,4.375
67,4.375
67,4.375
67,4.375
67,4.375
67,4.375
67,4.375
67,4.375
67,4.375
67,4.375
67,4.375
67,4.375
67,4.375
67,4.375
67,4.375
67,4.375
67,4.375
67,4.375
67,4.375
67,4.375
67,4.375
67,4.375
67,4.375
67,4.375
67,4.375
67,4.375
67,4.375
67,4.375
67,4.375
67,4.375
67,4.5
67,4.5
67,4.5
67,4.5
67,4.5
67,4.5
67,4.5
67,4.5
67,4.5
67,4.5
67,4.5
67,4.5
67,4.5
67,4.5
67,4.5
67,4.5
67,4.5
67,4.5
67,4.5
67,4.5
67,4.5
67,4.5
67,4.5
67,4.5
67,4.5
67,4.5
67,4.5
67,4.5
67,4.5
67,4.5
67,4.5
67,4.5
67,4.5
67,4.5
67,4.5
67,4.5
67,4.5
67,4.5
67,4.5
67,4.5
67,4.5
67,4.5
67,4.5
67,4.5
67,4.5
67,4.5
67,4.5
67,4.5
67,4.5
67,4.5
67,4.5
67,4.5
67,4.5
67,4.5
67,4.5
67,4.5
67,4.5
67,4.5
67,4.5
67,4.5
67,4.5
67,4.5
67,4.5
67,4.5
67,4.5
67,4.5
67,4.5
67,4.5
67,4.5
67,4.5
67,4.5
67,4.5
67,4.5
67,4.5
67,4.5
67,4.5
67,4.5
67,4.5
67,4.5
67,4.5
67,4.625
67,4.625
67,4.625
67,4.625
67,4.625
67,4.625
67,4.625
67,4.625
67,4.625
67,4.625
67,4.625
67,4.625
67,4.625
67,4.625
67,4.625
67,4.625
67,4.625
67,4.625
67,4.625
67,4.625
67,4.625
67,4.625
67,4.625
67,4.625
67,4.625
67,4.625
67,4.625
67,4.625
67,4.625
67,4.625
67,4.625
67,4.625
67,4.625
67,4.625
67,4.625
67,4.625
67,4.625
67,4.625
67,4.625
67,4.625
67,4.625
67,4.625
67,4.625
67,4.625
67,4.625
67,4.625
67,4.625
67,4.625
67,4.625
67,4.625
67,4.625
67,4.625
67,4.625
67,4.625
67,4.625
67,4.625
67,4.625
67,4.625
67,4.625
67,4.625
67,4.625
67,4.625
67,4.625
67,4.625
67,4.625
67,4.625
67,4.625
67,4.625
67,4.625
67,4.625
67,4.625
67,4.625
67,4.625
67,4.625
67,4.625
67,4.625
67,4.625
67,4.625
67,4.625
67,4.625
67,4.625
67,4.625
67,4.625
67,4.625
67,4.625
67,4.625
67,4.625
67,4.625
67,4.625
67,4.625
67,4.625
67,4.625
67,4.625
67,4.625
67,4.625
67,4.625
67,4.625
67,4.625
67,4.625
67,4.625
67,4.625
67,4.625
67,4.625
67,4.625
67,4.625
67,4.625
67,4.625
67,4.625
67,4.625
67,4.625
67,4.625
67,4.625
67,4.625
67,4.625
67,4.625
67,4.625
67,4.625
67,4.625
67,4.625
67,4.625
67,4.625
67,4.625
67,4.625
67,4.625
67,4.625
67,4.625
67,4.625
67,4.625
67,4.625
67,4.625
67,4.625
67,4.625
67,4.625
67,4.625
67,4.625
67,4.625
67,4.625
67,4.625
67,4.625
67,4.625
67,4.625
67,4.625
67,4.625
67,4.625
67,4.625
67,4.625
67,4.625
67,4.625
67,4.625
67,4.625
67,4.625
67,4.625
67,4.75
67,4.75
67,4.75
67,4.75
67,4.75
67,4.75
67,4.75
67,4.75
67,4.75
67,4.75
67,4.75
67,4.75
67,4.75
67,4.75
67,4.75
67,4.75
67,4.75
67,4.75
67,4.75
67,4.75
67,4.75
67,4.75
67,4.75
67,4.75
67,4.75
67,4.75
67,4.75
67,4.75
67,4.75
67,4.75
67,4.75
67,4.75
67,4.75
67,4.75
67,4.75
67,4.75
67,4.75
67,4.75
67,4.75
67,4.75
67,4.75
67,4.75
67,4.75
67,4.75
67,4.75
67,4.75
67,4.75
67,4.75
67,4.75
67,4.75
67,4.75
67,4.75
67,4.75
67,4.75
67,4.75
67,4.75
67,4.75
67,4.75
67,4.75
67,4.75
67,4.75
67,4.75
67,4.75
67,4.75
67,4.75
67,4.75
67,4.75
67,4.75
67,4.75
67,4.75
67,4.75
67,4.75
67,4.75
67,4.75
67,4.75
67,4.75
67,4.75
67,4.75
67,4.75
67,4.75
67,4.75
67,4.75
67,4.75
67,4.75
67,4.875
67,4.875
67,4.875
67,4.875
67,4.875
67,4.875
67,4.875
67,4.875
67,4.875
67,4.875
67,4.875
67,4.875
67,4.875
67,4.875
67,4.875
67,4.875
67,4.875
67,4.875
67,4.875
67,4.875
67,4.875
67,4.875
67,4.875
67,4.875
67,4.875
67,4.875
67,4.875
67,4.875
67,4.875
67,4.875
67,4.875
67,4.875
67,4.875
67,4.875
67,4.875
67,4.875
67,4.875
67,5.0
67,5.0
67,5.0
67,5.0
67,5.0
67,5.0
67,5.0
67,5.0
67,5.0
67,5.0
67,5.0
67,5.0
67,5.125
67,5.125
67,5.25
68,4.25
68,4.25
68,4.25
68,4.25
68,4.375
68,4.375
68,4.375
68,4.375
68,4.375
68,4.375
68,4.375
68,4.375
68,4.375
68,4.375
68,4.375
68,4.375
68,4.375
68,4.375
68,4.5
68,4.5
68,4.5
68,4.5
68,4.5
68,4.5
68,4.5
68,4.5
68,4.5
68,4.5
68,4.5
68,4.5
68,4.5
68,4.5
68,4.5
68,4.5
68,4.5
68,4.5
68,4.5
68,4.5
68,4.5
68,4.5
68,4.5
68,4.5
68,4.5
68,4.5
68,4.5
68,4.5
68,4.5
68,4.5
68,4.5
68,4.5
68,4.5
68,4.5
68,4.5
68,4.5
68,4.5
68,4.5
68,4.5
68,4.5
68,4.5
68,4.5
68,4.625
68,4.625
68,4.625
68,4.625
68,4.625
68,4.625
68,4.625
68,4.625
68,4.625
68,4.625
68,4.625
68,4.625
68,4.625
68,4.625
68,4.625
68,4.625
68,4.625
68,4.625
68,4.625
68,4.625
68,4.625
68,4.625
68,4.625
68,4.625
68,4.625
68,4.625
68,4.625
68,4.625
68,4.625
68,4.625
68,4.625
68,4.625
68,4.625
68,4.625
68,4.625
68,4.625
68,4.625
68,4.625
68,4.625
68,4.625
68,4.625
68,4.625
68,4.625
68,4.625
68,4.625
68,4.625
68,4.625
68,4.625
68,4.625
68,4.625
68,4.625
68,4.625
68,4.625
68,4.625
68,4.625
68,4.625
68,4.625
68,4.625
68,4.625
68,4.625
68,4.625
68,4.625
68,4.625
68,4.625
68,4.625
68,4.625
68,4.625
68,4.625
68,4.625
68,4.625
68,4.625
68,4.625
68,4.625
68,4.625
68,4.625
68,4.625
68,4.625
68,4.625
68,4.625
68,4.625
68,4.625
68,4.625
68,4.625
68,4.625
68,4.625
68,4.625
68,4.625
68,4.625
68,4.625
68,4.625
68,4.625
68,4.625
68,4.625
68,4.625
68,4.625
68,4.625
68,4.625
68,4.625
68,4.625
68,4.75
68,4.75
68,4.75
68,4.75
68,4.75
68,4.75
68,4.75
68,4.75
68,4.75
68,4.75
68,4.75
68,4.75
68,4.75
68,4.75
68,4.75
68,4.75
68,4.75
68,4.75
68,4.75
68,4.75
68,4.75
68,4.75
68,4.75
68,4.75
68,4.75
68,4.75
68,4.75
68,4.75
68,4.75
68,4.75
68,4.75
68,4.75
68,4.75
68,4.75
68,4.75
68,4.75
68,4.75
68,4.75
68,4.75
68,4.75
68,4.75
68,4.75
68,4.75
68,4.75
68,4.75
68,4.75
68,4.75
68,4.75
68,4.75
68,4.75
68,4.75
68,4.75
68,4.75
68,4.875
68,4.875
68,4.875
68,4.875
68,4.875
68,4.875
68,4.875
68,4.875
68,4.875
68,4.875
68,4.875
68,4.875
68,4.875
68,4.875
68,4.875
68,4.875
68,4.875
68,4.875
68,4.875
68,4.875
68,4.875
68,4.875
68,4.875
68,4.875
68,4.875
68,4.875
68,4.875
68,4.875
68,4.875
68,4.875
68,4.875
68,4.875
68,4.875
68,4.875
68,4.875
68,5.0
68,5.0
68,5.0
68,5.0
68,5.0
68,5.0
68,5.0
68,5.0
68,5.0
68,5.0
68,5.0
68,5.0
68,5.0
68,5.125
68,5.125
68,5.125
68,5.125
69,4.125
69,4.125
69,4.375
69,4.375
69,4.5
69,4.5
69,4.5
69,4.5
69,4.5
69,4.5
69,4.5
69,4.5
69,4.5
69,4.5
69,4.5
69,4.5
69,4.5
69,4.5
69,4.5
69,4.5
69,4.5
69,4.5
69,4.5
69,4.5
69,4.5
69,4.5
69,4.5
69,4.5
69,4.625
69,4.625
69,4.625
69,4.625
69,4.625
69,4.625
69,4.625
69,4.625
69,4.625
69,4.625
69,4.625
69,4.625
69,4.625
69,4.625
69,4.625
69,4.625
69,4.625
69,4.625
69,4.625
69,4.625
69,4.625
69,4.625
69,4.625
69,4.625
69,4.625
69,4.625
69,4.625
69,4.625
69,4.625
69,4.625
69,4.625
69,4.625
69,4.625
69,4.625
69,4.625
69,4.625
69,4.625
69,4.625
69,4.625
69,4.625
69,4.625
69,4.75
69,4.75
69,4.75
69,4.75
69,4.75
69,4.75
69,4.75
69,4.75
69,4.75
69,4.75
69,4.75
69,4.75
69,4.75
69,4.75
69,4.75
69,4.75
69,4.75
69,4.75
69,4.75
69,4.75
69,4.75
69,4.75
69,4.75
69,4.75
69,4.75
69,4.75
69,4.75
69,4.75
69,4.75
69,4.75
69,4.75
69,4.75
69,4.75
69,4.75
69,4.75
69,4.75
69,4.75
69,4.75
69,4.75
69,4.75
69,4.75
69,4.75
69,4.75
69,4.75
69,4.75
69,4.75
69,4.75
69,4.75
69,4.75
69,4.75
69,4.75
69,4.75
69,4.75
69,4.75
69,4.875
69,4.875
69,4.875
69,4.875
69,4.875
69,4.875
69,4.875
69,4.875
69,4.875
69,4.875
69,4.875
69,4.875
69,4.875
69,4.875
69,4.875
69,4.875
69,4.875
69,4.875
69,4.875
69,4.875
69,4.875
69,4.875
69,4.875
69,4.875
69,4.875
69,4.875
69,4.875
69,4.875
69,4.875
69,4.875
69,4.875
69,4.875
69,4.875
69,4.875
69,4.875
69,4.875
69,4.875
69,4.875
69,5.0
69,5.0
69,5.0
69,5.0
69,5.0
69,5.0
69,5.0
69,5.0
69,5.0
69,5.0
69,5.0
69,5.0
69,5.0
69,5.125
69,5.125
69,5.25
70,4.5
70,4.5
70,4.625
70,4.625
70,4.625
70,4.625
70,4.625
70,4.625
70,4.625
70,4.625
70,4.625
70,4.625
70,4.625
70,4.625
70,4.625
70,4.625
70,4.625
70,4.625
70,4.625
70,4.625
70,4.625
70,4.625
70,4.625
70,4.625
70,4.625
70,4.625
70,4.625
70,4.75
70,4.75
70,4.75
70,4.75
70,4.75
70,4.75
70,4.75
70,4.75
70,4.75
70,4.75
70,4.75
70,4.75
70,4.75
70,4.75
70,4.75
70,4.75
70,4.75
70,4.75
70,4.75
70,4.75
70,4.75
70,4.75
70,4.75
70,4.75
70,4.75
70,4.75
70,4.875
70,4.875
70,4.875
70,4.875
70,4.875
70,4.875
70,4.875
70,4.875
70,4.875
70,4.875
70,4.875
70,4.875
70,4.875
70,4.875
70,4.875
70,4.875
70,4.875
70,4.875
70,4.875
70,5.0
70,5.0
70,5.0
70,5.0
70,5.0
70,5.0
70,5.0
70,5.0
70,5.0
70,5.0
70,5.0
70,5.0
70,5.0
70,5.0
70,5.0
70,5.0
70,5.0
70,5.0
70,5.0
70,5.0
70,5.0
70,5.0
70,5.0
70,5.0
70,5.125
71,4.625
71,4.625
71,4.625
71,4.625
71,4.625
71,4.625
71,4.625
71,4.625
71,4.75
71,4.75
71,4.75
71,4.75
71,4.75
71,4.75
71,4.75
71,4.875
71,4.875
71,4.875
71,4.875
71,4.875
71,4.875
71,4.875
71,4.875
71,4.875
71,4.875
71,4.875
71,4.875
71,4.875
71,4.875
71,5.0
71,5.0
71,5.0
71,5.0
71,5.0
71,5.0
71,5.0
71,5.0
71,5.0
71,5.0
71,5.0
71,5.0
71,5.0
71,5.125
71,5.25
71,5.25
71,5.25
72,4.625
72,4.75
72,4.75
72,4.75
72,4.75
72,5.0
72,5.0
72,5.0
72,5.0
72,5.0
72,5.0
72,5.0
72,5.0
72,5.125
72,5.125
72,5.125
72,5.25
73,4.625
73,4.875
73,4.875
73,5.0
73,5.0
73,5.125
73,5.375
74,4.875
74,5.0
74,5.0
74,5.25
77,4.375
